task,model,method,metric,n_seeds,test_mean,test_std,val_mean
AAV,ESM2_35M_AA,full_ft,spearmanr,3,0.614233,0.02716,0.858858
AAV,ESM2_35M_AA_all,full_ft,spearmanr,3,0.678232,0.054447,0.868962
AAV,ESM2_35M_AA_transfer,full_ft,spearmanr,3,0.749467,0.018071,0.87427
AAV,ESM2_35M_BPE_12800,full_ft,spearmanr,3,0.386467,0.070224,0.749454
AAV,ESM2_35M_BPE_12800_all,full_ft,spearmanr,3,0.734929,0.008405,0.867158
AAV,ESM2_35M_BPE_12800_transfer,full_ft,spearmanr,3,0.503433,0.040169,0.776291
AAV,ESM2_35M_BPE_25600,full_ft,spearmanr,3,0.375805,0.056675,0.623498
AAV,ESM2_35M_BPE_25600_all,full_ft,spearmanr,3,0.647305,0.006032,0.8211
AAV,ESM2_35M_BPE_25600_transfer,full_ft,spearmanr,3,0.353392,0.122992,0.648939
AAV,ESM2_35M_PUMA_blosum62_07_005_12800,full_ft,spearmanr,3,0.499533,0.045179,0.764369
AAV,ESM2_35M_PUMA_blosum62_07_005_12800_transfer,full_ft,spearmanr,3,0.446033,0.145419,0.762581
AAV,ESM2_35M_PUMA_blosum62_07_005_25600,full_ft,spearmanr,3,0.2857,0.056885,0.566148
AAV,ESM2_35M_PUMA_blosum62_07_005_25600_all,full_ft,spearmanr,3,0.688352,0.019894,0.841797
AAV,ESM2_35M_PUMA_blosum62_07_005_25600_transfer,full_ft,spearmanr,3,0.367532,0.045884,0.630328
GB1,ESM2_35M_AA,full_ft,spearmanr,3,0.777033,0.01128,0.668225
GB1,ESM2_35M_AA_all,full_ft,spearmanr,3,0.722892,0.009408,0.633256
GB1,ESM2_35M_AA_transfer,full_ft,spearmanr,3,0.755067,0.034602,0.670056
GB1,ESM2_35M_BPE_12800,full_ft,spearmanr,3,0.525267,0.012907,0.332801
GB1,ESM2_35M_BPE_12800_all,full_ft,spearmanr,3,0.667622,0.03534,0.540111
GB1,ESM2_35M_BPE_12800_transfer,full_ft,spearmanr,3,0.324667,0.02594,0.231599
GB1,ESM2_35M_BPE_25600,full_ft,spearmanr,3,0.476,0.041823,0.225208
GB1,ESM2_35M_BPE_25600_all,full_ft,spearmanr,3,0.288801,0.0926,0.263591
GB1,ESM2_35M_BPE_25600_transfer,full_ft,spearmanr,3,0.151569,0.189287,0.245148
GB1,ESM2_35M_PUMA_blosum62_07_005_12800,full_ft,spearmanr,3,0.399567,0.018795,0.262117
GB1,ESM2_35M_PUMA_blosum62_07_005_12800_transfer,full_ft,spearmanr,3,0.322167,0.132568,0.254632
GB1,ESM2_35M_PUMA_blosum62_07_005_25600,full_ft,spearmanr,3,0.448972,0.014152,0.211174
GB1,ESM2_35M_PUMA_blosum62_07_005_25600_all,full_ft,spearmanr,3,0.532321,0.035456,0.359308
GB1,ESM2_35M_PUMA_blosum62_07_005_25600_transfer,full_ft,spearmanr,3,0.498693,0.046306,0.160205
GFP,ESM2_35M_AA,full_ft,spearmanr,3,0.589767,0.003412,0.589424
GFP,ESM2_35M_AA_all,full_ft,spearmanr,3,0.664441,0.00027,0.724034
GFP,ESM2_35M_AA_transfer,full_ft,spearmanr,3,0.656333,0.005127,0.693488
GFP,ESM2_35M_BPE_12800,full_ft,spearmanr,3,0.577067,0.014108,0.616081
GFP,ESM2_35M_BPE_12800_all,full_ft,spearmanr,3,0.65288,0.00959,0.702487
GFP,ESM2_35M_BPE_12800_transfer,full_ft,spearmanr,3,0.3797,0.024798,0.368847
GFP,ESM2_35M_BPE_25600,full_ft,spearmanr,3,0.519355,0.019411,0.533772
GFP,ESM2_35M_BPE_25600_all,full_ft,spearmanr,3,0.608325,0.006676,0.646952
GFP,ESM2_35M_BPE_25600_transfer,full_ft,spearmanr,3,0.392627,0.041615,0.380901
GFP,ESM2_35M_PUMA_blosum62_07_005_12800,full_ft,spearmanr,3,0.606967,0.009508,0.631648
GFP,ESM2_35M_PUMA_blosum62_07_005_12800_transfer,full_ft,spearmanr,3,0.397133,0.017112,0.375178
GFP,ESM2_35M_PUMA_blosum62_07_005_25600,full_ft,spearmanr,3,0.553039,0.018377,0.543954
GFP,ESM2_35M_PUMA_blosum62_07_005_25600_all,full_ft,spearmanr,3,0.619841,0.008233,0.665065
GFP,ESM2_35M_PUMA_blosum62_07_005_25600_transfer,full_ft,spearmanr,3,0.395669,0.018611,0.368775
Meltome,ESM2_35M_AA,full_ft,spearmanr,3,0.443167,0.015039,0.399132
Meltome,ESM2_35M_AA_all,full_ft,spearmanr,3,0.56457,0.011099,0.545016
Meltome,ESM2_35M_AA_transfer,full_ft,spearmanr,3,0.5807,0.010116,0.514113
Meltome,ESM2_35M_BPE_12800,full_ft,spearmanr,3,0.355667,0.004606,0.340949
Meltome,ESM2_35M_BPE_12800_all,full_ft,spearmanr,3,0.493363,0.005077,0.488919
Meltome,ESM2_35M_BPE_12800_transfer,full_ft,spearmanr,3,0.555467,0.003283,0.493749
Meltome,ESM2_35M_BPE_25600,full_ft,spearmanr,3,0.302898,0.010899,0.31316
Meltome,ESM2_35M_BPE_25600_all,full_ft,spearmanr,3,0.505228,0.004484,0.491078
Meltome,ESM2_35M_BPE_25600_transfer,full_ft,spearmanr,3,0.544018,0.01318,0.484565
Meltome,ESM2_35M_PUMA_blosum62_07_005_12800,full_ft,spearmanr,3,0.418067,0.008871,0.400233
Meltome,ESM2_35M_PUMA_blosum62_07_005_12800_transfer,full_ft,spearmanr,3,0.541567,0.008813,0.479607
Meltome,ESM2_35M_PUMA_blosum62_07_005_25600,full_ft,spearmanr,3,0.339128,0.016747,0.357928
Meltome,ESM2_35M_PUMA_blosum62_07_005_25600_all,full_ft,spearmanr,3,0.539546,0.006444,0.521169
Meltome,ESM2_35M_PUMA_blosum62_07_005_25600_transfer,full_ft,spearmanr,3,0.533046,0.007063,0.475849
Stab,ESM2_35M_AA,full_ft,spearmanr,3,0.455067,0.016581,0.561399
Stab,ESM2_35M_AA_all,full_ft,spearmanr,3,0.719239,0.023076,0.672036
Stab,ESM2_35M_AA_transfer,full_ft,spearmanr,3,0.727933,0.021072,0.738446
Stab,ESM2_35M_BPE_12800,full_ft,spearmanr,3,0.373633,0.033799,0.47351
Stab,ESM2_35M_BPE_12800_all,full_ft,spearmanr,3,0.696804,0.005003,0.636526
Stab,ESM2_35M_BPE_12800_transfer,full_ft,spearmanr,3,0.603233,0.038413,0.585753
Stab,ESM2_35M_BPE_25600,full_ft,spearmanr,3,0.227314,0.015291,0.433798
Stab,ESM2_35M_BPE_25600_all,full_ft,spearmanr,3,0.698842,0.023965,0.632999
Stab,ESM2_35M_BPE_25600_transfer,full_ft,spearmanr,3,0.522775,0.055765,0.579438
Stab,ESM2_35M_PUMA_blosum62_07_005_12800,full_ft,spearmanr,3,0.2196,0.020104,0.531522
Stab,ESM2_35M_PUMA_blosum62_07_005_12800_transfer,full_ft,spearmanr,3,0.5828,0.02091,0.60669
Stab,ESM2_35M_PUMA_blosum62_07_005_25600,full_ft,spearmanr,3,0.189649,0.009787,0.458403
Stab,ESM2_35M_PUMA_blosum62_07_005_25600_all,full_ft,spearmanr,3,0.6638,0.029988,0.633091
Stab,ESM2_35M_PUMA_blosum62_07_005_25600_transfer,full_ft,spearmanr,3,0.569516,0.041733,0.583693
SubLoc,ESM2_35M_AA,full_ft,accuracy,3,0.446267,0.005855,0.603695
SubLoc,ESM2_35M_AA_all,full_ft,accuracy,3,0.571429,0.003333,0.761025
SubLoc,ESM2_35M_AA_transfer,full_ft,accuracy,3,0.609533,0.005069,0.762813
SubLoc,ESM2_35M_BPE_12800,full_ft,accuracy,3,0.3476,0.007887,0.475566
SubLoc,ESM2_35M_BPE_12800_all,full_ft,accuracy,3,0.512925,0.017973,0.684148
SubLoc,ESM2_35M_BPE_12800_transfer,full_ft,accuracy,3,0.448967,0.004413,0.611641
SubLoc,ESM2_35M_BPE_25600,full_ft,accuracy,3,0.315646,0.002545,0.446961
SubLoc,ESM2_35M_BPE_25600_all,full_ft,accuracy,3,0.513605,0.013571,0.690107
SubLoc,ESM2_35M_BPE_25600_transfer,full_ft,accuracy,3,0.461905,0.005852,0.615217
SubLoc,ESM2_35M_PUMA_blosum62_07_005_12800,full_ft,accuracy,3,0.359833,0.005342,0.515693
SubLoc,ESM2_35M_PUMA_blosum62_07_005_12800_transfer,full_ft,accuracy,3,0.4728,0.009617,0.623361
SubLoc,ESM2_35M_PUMA_blosum62_07_005_25600,full_ft,accuracy,3,0.351701,0.015483,0.468812
SubLoc,ESM2_35M_PUMA_blosum62_07_005_25600_all,full_ft,accuracy,3,0.529252,0.013875,0.697457
SubLoc,ESM2_35M_PUMA_blosum62_07_005_25600_transfer,full_ft,accuracy,3,0.460544,0.010044,0.613826
